palabra,frecuencia,degree,weighted_degree,betweenness,closeness,eigenvector,comunidad
blanca,3487,944,84600,0.0038086710466712008,0.9512428298279159,0.27489303974279305,0
fruta,3185,909,83068,0.00452153144060681,0.9195933456561922,0.2884426194394069,3
amarillo,2844,878,75824,0.008081900160888748,0.8939802336028752,0.27527871559469935,3
boca,2630,853,68890,0.008269979526310431,0.8751099384344767,0.2567726577520322,3
acidez,2561,825,64040,0.010642454284544847,0.8540772532188842,0.23865105199653647,3
color,2319,814,62704,0.013617222620854009,0.8453695836873407,0.24025606800425722,3
nariz,2014,755,54340,0.01063386890116734,0.8050161812297735,0.2146726569433485,3
cítrico,2042,786,54016,0.010322609005773723,0.8264119601328903,0.20442484723123636,3
nota,1852,783,47753,0.01378701043249077,0.824357912178956,0.1745144559384214,3
fresco,1700,723,42486,0.015254800640155894,0.7847003154574133,0.16228316044684202,3
brillante,1507,679,41938,0.011043285661522803,0.7589626239511823,0.1669650273738128,3
aroma,1508,678,41346,0.009063758682329809,0.7578065498857578,0.16344945872906347,3
final,1423,617,39142,0.009365126584015839,0.7241630276564774,0.16162890963309487,3
pajizo,1391,665,37257,0.013003955842680224,0.7503770739064857,0.15007366852290424,3
dorado,1226,671,33783,0.011241965382027352,0.7537878787878788,0.12599028724769817,3
seco,1182,581,30443,0.008429254082560579,0.7056737588652482,0.1219251289086873,3
manzana,937,526,26729,0.006634095115049903,0.6791808873720137,0.10838723319540021,3
toque,991,603,26124,0.009997307873853032,0.7168587896253602,0.09516484190879353,3
flor,969,581,26089,0.011457045136238518,0.7056737588652482,0.10537605919743792,3
verdoso,938,524,26025,0.00784075835105511,0.678254942058623,0.10814405741483978,3
intensidad,969,431,25648,0.004926812342975569,0.6378205128205128,0.11624489675625933,3
largo,912,518,25270,0.0072744159945892966,0.6754921928038018,0.10095891324719518,3
untuoso,921,538,24576,0.00962843326430438,0.6847900894700619,0.09627952842973256,3
mineral,923,500,23831,0.007103205602378079,0.6673373574782026,0.09928338321597092,3
rcp,926,482,23536,0.025729806903239283,0.659377070907886,0.09051336834785098,3
bodega,1053,796,23450,0.02388804955991496,0.8326359832635983,0.05727861651081616,0
limpio,818,368,23291,0.003599020114190102,0.6130622304374614,0.10728577654467221,3
crianza,919,652,23086,0.013857672043430176,0.743091859596714,0.07006309279015288,0
herbáceo,857,502,22185,0.009730379309297592,0.6682337139019476,0.0906050847694219,3
barrica,876,622,22134,0.014355417468763527,0.7268078889700511,0.06534360146307115,0
persistencia,870,408,21852,0.003632009777413342,0.6285533796588756,0.09369723019090602,3
tropical,836,469,21722,0.00633657173864195,0.6537450722733246,0.090200167015212,3
botella,975,696,21585,0.02084150767927309,0.7683397683397684,0.05934589122832556,0
fondo,668,395,19841,0.008907298368476433,0.6234335839598998,0.06844810601026055,2
destello,646,275,19502,0.00218049983820171,0.5798368298368298,0.09163152022701143,3
madura,725,463,19464,0.007825918158925048,0.6511780104712042,0.07823794877697006,3
pálido,758,482,19172,0.0066516674017361235,0.659377070907886,0.07827004837508507,3
floral,748,470,18672,0.006379089960612743,0.6541748849441157,0.07561428268137298,3
lágrima,560,357,17395,0.0031243242604897387,0.6089351285189718,0.07222114356401137,3
reflejo,649,416,16915,0.0025834635850772183,0.6317460317460317,0.06939200360644893,3
albariño,804,556,16493,0.013924959039679394,0.6933797909407665,0.05234871501516789,0
año,791,661,16401,0.02906377487528242,0.7481203007518797,0.04190031667280754,0
ligero,659,433,16311,0.0049618110655280006,0.6386392811296534,0.06663391115302827,3
hierba,537,441,15129,0.006181030644285884,0.6419354838709678,0.05798709474060306,3
suave,564,439,14223,0.006000856256324157,0.6411082474226805,0.05470278299994933,3
salino,544,371,13694,0.00438648491108506,0.6141975308641975,0.05844322663324335,3
tostado,510,368,13519,0.0043686040227660814,0.6130622304374614,0.05272124594605954,3
uva,497,479,13418,0.00891918537099679,0.658068783068783,0.04485803080053178,3
verdejo,611,494,13340,0.010339773339039491,0.6646626586506346,0.042742544355864526,0
entrada,425,308,12856,0.0018790505824791053,0.5912061794414736,0.05248334449277745,3
elaborado,465,413,12600,0.006165911770042863,0.6305449936628644,0.04442364799409897,3
intenso,500,476,12258,0.010267269091278404,0.6567656765676567,0.042004077241062344,0
hueso,483,346,12152,0.003966395497367491,0.6048632218844985,0.05193692380589893,3
agradable,457,364,11892,0.0038208467983920024,0.6115550092194223,0.04886485417480052,3
fina,429,340,11866,0.0029716708885519716,0.6026650514839491,0.048174369636976494,3
cuerpo,471,334,11841,0.0029262863288001587,0.6004828002414001,0.051424117021792344,3
amargo,452,345,11774,0.0034922985808685005,0.6044957472660997,0.0485183016769471,3
pera,419,314,11700,0.0020595678583243218,0.5933214072748957,0.050366844887803276,3
volúmen,470,314,11369,0.002230533440119924,0.5933214072748957,0.0446902570928015,0
francés,439,412,11340,0.006064533707090965,0.630145661811273,0.03599034403651367,0
melocotón,426,326,11329,0.0022046004886406693,0.5975975975975976,0.04748727921532833,3
roble,429,375,11192,0.005033959406533325,0.6157178217821783,0.03735262721197236,0
frutal,465,377,10581,0.0047326410942753055,0.6164807930607187,0.04022555263637737,3
verde,388,358,10488,0.0028384673160880966,0.6093080220453154,0.04114905902355974,3
chardonnay,458,420,10316,0.006569816601998701,0.6333545512412476,0.03379950562747162,0
paladar,341,291,10211,0.0025171256575250247,0.5852941176470589,0.04029542858586052,3
piña,375,309,9871,0.0020311101171933098,0.5915576694411415,0.04049476922137225,3
alta,418,346,9752,0.003941160579333692,0.6048632218844985,0.035537534352882434,0
joven,448,383,9627,0.005390217713659307,0.6187810945273632,0.0345624028119314,0
correcto,475,309,9396,0.003452414882007732,0.5919095776323617,0.038346106587328975,3
hinojo,358,314,9202,0.003040827563511974,0.5933214072748957,0.03748504896540789,3
garnacha,404,381,9021,0.0067039517641142386,0.6180124223602484,0.028357724275052787,0
glicérico,361,344,8982,0.0052518083161681,0.6041287188828173,0.03272368947727666,0
probar,478,423,8844,0.008440852975030106,0.6345663265306123,0.0241805717201783,0
elegante,354,302,8696,0.0021795600456981667,0.5891059798697454,0.03444184282628043,3
recomendable,477,308,8632,0.0033332339822388754,0.5912061794414736,0.031533605521394864,0
punto,373,382,8574,0.006079907317770696,0.6183965195773773,0.029912663671920615,0
limón,332,310,8548,0.0035375759482238855,0.5919095776323617,0.033947678858643554,3
mejor,469,436,8427,0.012216519529883089,0.639871382636656,0.023457995946158182,0
dulce,342,358,8369,0.0037951647916068926,0.6093080220453154,0.030517296207002078,3
aromático,325,319,8059,0.0015950706302119814,0.5950956937799043,0.030460355424998087,3
coupage,358,314,8017,0.0030766590762944966,0.5933214072748957,0.029217331016902322,0
pomelo,282,266,7964,0.0015626103236874268,0.5768115942028985,0.03393552059489828,3
poder,431,403,7934,0.010443941034653653,0.6265743073047859,0.01669388436278366,0
añada,440,413,7912,0.009669619931534963,0.6305449936628644,0.020535895725414657,0
persistente,294,232,7524,0.0015533111971488727,0.5656623081296192,0.033210577671277795,3
madera,325,330,7302,0.00374308050758914,0.5990367248645394,0.024601837085519485,0
cata,393,395,7266,0.01342274186878738,0.6234335839598998,0.02067187802984767,0
anisado,290,237,7180,0.0014174233911747125,0.5672748004561003,0.030280711022541904,3
inoxidable,312,358,7164,0.007633941211767814,0.6093080220453154,0.02206740336996009,0
recordar,329,297,7131,0.002507620278652137,0.5873671782762692,0.02843145076347299,3
baja,294,323,6993,0.003998239500753024,0.5965227817745803,0.025381087570796015,3
monovarietal,355,236,6961,0.0011217469904301345,0.5669515669515669,0.027985085881220475,0
gustar,374,365,6930,0.005242430852036313,0.6119311193111932,0.019689715636586752,0
variedad,312,312,6756,0.0030301746900469684,0.5926146515783204,0.01863787396367868,2
leve,261,237,6682,0.0012197518980906746,0.5672748004561003,0.02955941827813632,3
fácil,326,314,6578,0.003184185740165255,0.5933214072748957,0.022738304429833166,0
salud,221,169,6519,0.0008733503770519272,0.544013121924549,0.027660265460911878,3
marcada,282,262,6398,0.0027128987954450944,0.5754771544245229,0.027348960839726835,3
ahumado,254,237,6356,0.0014601732559715293,0.5672748004561003,0.02650318835010208,3
viñedo,282,337,6303,0.004784317116143891,0.601571946795647,0.018279083402641862,0
excelente,308,304,6300,0.005221198711261694,0.5898043864848844,0.022832684298087925,0
complejo,293,306,6293,0.00322351324502386,0.5905044510385756,0.022479017523261043,0
sedoso,215,212,6180,0.0012703592516736919,0.5593029792017987,0.02610042147416285,3
nueva,340,352,6178,0.0059118265585566656,0.6070774862721171,0.017576399417860367,0
copa,303,329,6043,0.00574277326061765,0.598676293622142,0.013676197266093475,2
sensación,259,271,5976,0.0022793262159730397,0.5784883720930233,0.02381298079855801,3
densa,209,216,5957,0.0013521138759078578,0.5605633802816902,0.024720007763706205,3
equilibrado,273,239,5844,0.0024273372557858824,0.5679223744292238,0.026077346940513137,3
macabeo,276,293,5783,0.005765092649747835,0.5859835100117785,0.01991939952381885,0
sabroso,236,205,5614,0.0010666995263811415,0.5571108622620381,0.025884808799070496,3
godello,272,286,5563,0.0025687294812061774,0.5835777126099707,0.019580088851459797,0
albaricoque,218,226,5465,0.0017168344974020932,0.5637393767705382,0.02342986805437858,3
grande,223,133,5429,0.0025698493164720403,0.5355220667384284,0.003425064917025476,2
cremoso,224,203,5385,0.0006253395312403392,0.5564876957494407,0.02256973602099743,3
beber,301,282,5229,0.002554019873133746,0.5822118197776478,0.017836454764923387,0
balsámico,204,228,5227,0.0015999993484219594,0.5643788996029495,0.022146099862590526,3
primer,286,332,5165,0.007701711545307019,0.5997588908981314,0.014844438106596119,0
vainilla,210,212,5112,0.0007499767969184974,0.5593029792017987,0.021637147143464926,3
pequeña,249,271,5098,0.0036870111587933465,0.5784883720930233,0.011774450786076203,2
graso,203,224,5066,0.0009846353805947768,0.5631013016411998,0.019647819115116687,3
paso,225,243,4988,0.0013117790925579595,0.5692219679633868,0.019530302675266363,3
amplio,216,222,4934,0.0011037632214373806,0.562464669304692,0.02049848859247229,3
viura,232,228,4878,0.0010485389959723598,0.5643788996029495,0.017597928431602294,0
paciencia,144,82,4822,0.0021234627108591758,0.5212152959664746,0.0015878394862837548,2
amargor,209,162,4815,0.0009736020042539133,0.544013121924549,0.024148245116542486,3
adaptación,143,65,4784,2.115774269390658e-05,0.49135802469135803,0.0006921831864487352,2
superación,142,65,4783,2.115774269390658e-05,0.49135802469135803,0.0006914435565569246,2
resistencia,142,65,4783,2.115774269390658e-05,0.49135802469135803,0.0006914435565569245,2
estoicismo,142,65,4783,2.115774269390658e-05,0.49135802469135803,0.0006914435565569246,2
fortaleza,142,65,4783,2.115774269390658e-05,0.49135802469135803,0.0006914435565569244,2
invulnerabilidad,142,65,4783,2.115774269390658e-05,0.49135802469135803,0.0006914435565569243,2
recuperar,147,73,4776,0.0012701543780779553,0.5187695516162669,0.0010151294899334164,2
sobrevivir,140,64,4767,1.7562750069258635e-05,0.49111549851924974,0.000689591224270723,2
tiempo,266,295,4767,0.002951285711263871,0.5866745283018868,0.014036372019511332,0
sobreponer,136,64,4742,1.7562750069258635e-05,0.49111549851924974,0.0006889268533036751,2
fuerza,141,70,4736,0.0010338863323609891,0.5176899063475546,0.0009205670440353506,2
vigor,131,64,4695,2.0242136593149647e-05,0.49111549851924974,0.0006866017954885252,2
energía,131,64,4694,2.0242136593149647e-05,0.49111549851924974,0.0006843276540659973,2
tolerancia,130,64,4694,2.0242136593149647e-05,0.49111549851924974,0.0006843276540659984,2
impertable,130,64,4694,2.0242136593149647e-05,0.49111549851924974,0.0006843276540659984,2
resignación,130,64,4694,2.0242136593149647e-05,0.49111549851924974,0.000684327654065998,2
firmeza,130,64,4694,2.0242136593149647e-05,0.49111549851924974,0.0006843276540660003,2
vez,266,295,4692,0.003000464606162802,0.5866745283018868,0.013007935148040401,0
viña,218,258,4637,0.002550921738337637,0.5741488747836122,0.015002559896804497,0
sufrimiento,128,64,4634,2.0242136593149647e-05,0.49111549851924974,0.00066765463935354,2
flema,128,64,4634,2.0242136593149647e-05,0.49111549851924974,0.0006676546393535377,2
valiente,130,64,4616,5.563034524202785e-05,0.49111549851924974,0.0006668733108873534,2
tomar,219,254,4600,0.002165869436925219,0.5705275229357798,0.01619743248088993,0
ligeramente,191,194,4520,0.001277364709117016,0.55370061213133,0.01995001182079068,3
ver,304,287,4473,0.005256852882735917,0.5839201877934272,0.011667711715967755,0
menos,247,275,4416,0.0028180634488925065,0.5798368298368298,0.013595222735847403,0
guardar,249,263,4406,0.0024341970087945488,0.5758101851851852,0.012510089371964867,0
frescor,207,230,4260,0.002076775034623733,0.5650198750709824,0.017049014638059367,3
intrépido,115,59,4221,1.3622377041530805e-05,0.4899064500246184,0.0005928293195840823,2
producción,203,246,4160,0.004115630307171146,0.5702005730659025,0.013602684319903562,0
goloso,182,200,4141,0.0010449487258477055,0.5555555555555556,0.017790131563058264,3
mismo,233,265,4073,0.002833608292542722,0.5764774044032445,0.011728546397541366,0
gusto,234,242,4051,0.0022296317698782047,0.5688965122927387,0.013572743202783335,0
creer,238,267,4042,0.002929609371775184,0.5771461716937355,0.011804088168335041,0
fermentación,187,236,4029,0.0022098167175319066,0.5669515669515669,0.013550488672246688,0
gruesa,121,127,4013,0.00038512250797581354,0.5337982832618026,0.017588923575112343,3
bravo,108,60,3820,0.001706192288091167,0.5147439213657528,0.000552123823785547,2
bastante,198,205,3810,0.0007112706606338763,0.5571108622620381,0.01597565969993705,3
levadura,160,204,3783,0.0018689444933985455,0.5567991046446559,0.015644611478296905,3
casa,230,236,3742,0.001433763780543687,0.5646992054483542,0.011327375390962435,0
especiado,154,169,3723,0.0010534002449399161,0.5461031833150384,0.016277326899200337,3
piel,156,191,3713,0.000501390848473918,0.5527777777777778,0.01528787380071714,3
vieja,174,233,3694,0.0028280583060750065,0.5659840728100114,0.012069894779499483,0
bollería,159,181,3694,0.0007018712767396102,0.5497237569060773,0.014682635982709257,0
sabor,206,236,3665,0.0023335738409022678,0.5669515669515669,0.013366616846554326,0
oro,154,196,3623,0.0015039515314373335,0.5543175487465181,0.01472434381628864,3
tono,163,210,3588,0.0011173768361574252,0.5586749017405952,0.012960055512344216,0
malvasía,167,197,3572,0.001062131144171848,0.5546265328874025,0.013301422706254302,0
precio,238,235,3525,0.0032340084146253055,0.5669515669515669,0.011632599144211614,0
sutil,166,192,3495,0.0004536883390854219,0.5530850472484714,0.014091563513701656,3
ribete,141,173,3483,0.0012689740628579413,0.5473047304730473,0.014898562900435688,3
miel,145,170,3470,0.00047760152524899016,0.5464030752333883,0.01499233625708622,3
interesante,201,228,3458,0.0011260799684572015,0.5643788996029495,0.011499399828470924,0
especia,147,166,3457,0.0006125353868131805,0.5452054794520548,0.015199285870687796,3
plátano,130,172,3422,0.00151547557387626,0.5470038482682793,0.014232753484228781,3
anterior,241,240,3408,0.0036282908961542356,0.568246716162193,0.009585839993328658,0
varietal,170,223,3374,0.0027781130621149916,0.5627828054298643,0.012467809824426293,0
invencible,92,49,3371,1.3622377041530805e-05,0.4837141468157511,0.00039112041786466313,2
mineralidad,156,168,3352,0.0007232820829831928,0.5458036204059243,0.015286532620481788,3
osado,89,49,3318,1.74195880013152e-05,0.4837141468157511,0.00037692874057042145,2
épico,89,49,3318,1.74195880013152e-05,0.4837141468157511,0.0003769287405704219,2
sauvignon,164,184,3313,0.00074481304208872,0.5506364139457665,0.013745306240917354,0
lima,134,128,3266,0.00048586942949920963,0.5340848094471283,0.01657956161400214,3
límpido,98,131,3262,0.0006493009465169238,0.5326552462526767,0.014011936966095663,3
indomable,87,48,3257,1.1901115292594226e-05,0.4834791059280855,0.0003663452790665773,2
denodado,86,47,3226,9.370086833606644e-06,0.4832442933462846,0.00036247704537636835,2
esforzado,86,47,3226,9.370086833606644e-06,0.4832442933462846,0.00036247704537636813,2
afrutado,183,160,3225,0.001077975860380486,0.543418896777717,0.014461656711076085,3
refrescante,155,167,3218,0.0012915702826685979,0.5455043859649122,0.013876210781953679,3
etiqueta,169,202,3148,0.001154786488514868,0.5561766349916154,0.01030319854214026,0
memorable,86,49,3095,0.0004484555123112101,0.4844206426484908,0.00035736874012563325,2
integrada,140,179,3082,0.0006665032796599155,0.5491169977924945,0.012855844500567272,3
depósito,147,169,3059,0.0006430514285948035,0.5461031833150384,0.011378901414301625,0
diferente,179,230,3048,0.002631328576787811,0.5650198750709824,0.009145776916076934,0
treixadura,153,175,3024,0.0008653273131169534,0.5479074889867841,0.011372070180716579,0
zona,178,229,2975,0.003956580950378469,0.5646992054483542,0.009120774655607174,0
aguante,80,46,2956,4.809015624030841e-05,0.4802123552123552,0.000325085481454076,2
potencia,97,93,2889,0.009827624530118515,0.5242360379346681,0.002836128100929748,2
xarel,153,167,2849,0.0013280253629056311,0.5455043859649122,0.011591882030272305,0
rápida,100,115,2807,0.00046032811889732756,0.5284121083377589,0.012302452494458804,3
vitalidad,73,44,2786,3.4867323992775185e-05,0.42322415993194384,0.00029002233443657514,2
rojo,140,173,2785,0.0008394031935065852,0.5473047304730473,0.01025581125280927,3
corto,145,164,2762,0.0016549111128953368,0.5425299890948746,0.011967450112241172,3
maridaje,123,177,2695,0.0010497832115285302,0.5485115766262404,0.010230016224624685,3
postgusto,125,152,2634,0.0009014158563595059,0.5410549211528004,0.01194032041043517,3
fermentado,133,188,2634,0.0012569289203834498,0.5518580144204104,0.008887254225630088,0
tierra,132,152,2609,0.0008545986995865681,0.5410549211528004,0.010854019526353747,3
mantequilla,109,129,2573,0.0003506018807394525,0.5343716433941997,0.01191412782377048,3
entereza,65,43,2552,6.023923247237507e-05,0.42304421768707484,0.000264610158815428,2
estupendo,222,169,2550,0.0022573403569822173,0.5461031833150384,0.009452176041324938,0
opción,153,173,2540,0.0006294147407212098,0.5473047304730473,0.00941590849277718,0
mejorar,145,154,2535,0.000424700327316834,0.539587852494577,0.009229408718964934,0
caída,82,97,2532,0.00022247486556562903,0.5234087322461862,0.011081417431554639,3
finca,143,204,2520,0.0035166651040285262,0.5567991046446559,0.0076827758685901896,0
capa,103,138,2515,0.0007988857225640842,0.5369670804101457,0.010229981015056257,3
equilibrio,126,162,2513,0.0005993106403266651,0.544013121924549,0.010801526039669093,3
complejidad,157,174,2489,0.0012692773000612444,0.5476059438635112,0.010259713143771504,0
acero,123,140,2477,0.0005452914273911128,0.5355220667384284,0.009687668502286917,0
ácido,137,166,2475,0.0011738726285792141,0.5452054794520548,0.010134826017032543,3
recorrido,129,150,2460,0.0006054933484719747,0.5404671374253124,0.010835439252336068,3
restaurante,151,183,2456,0.01762411198528499,0.5503318584070797,0.008954674873669391,0
valle,124,144,2442,0.0032506254320084135,0.5387114239306985,0.004333459504488649,2
soler,131,201,2425,0.003973223077047767,0.5558659217877095,0.007526505246354399,0
repetir,150,174,2404,0.0010920719475580373,0.5476059438635112,0.009052482226334344,0
potente,119,158,2400,0.000569870143659925,0.5428259683578832,0.010027189781848104,3
batallar,59,42,2345,1.3144191783869044e-05,0.39235015772870663,0.00022452198606087557,2
vegetal,112,125,2326,0.0002269856941960401,0.5332261521972133,0.01138246462736895,3
heno,94,123,2310,0.000312177079442251,0.5326552462526767,0.010956380416559093,3
mango,104,132,2281,0.0008125475418374891,0.5352339967724583,0.010425496852355541,3
guerrear,57,41,2270,0.0,0.3921955065037446,0.0002169692744809247,2
tacto,146,144,2243,0.0009538523762054558,0.5387114239306985,0.009639810633752601,3
parecer,146,179,2238,0.0008534201543187573,0.5470038482682793,0.007528541038403469,0
aterciopelada,71,97,2216,0.0003994179091530171,0.5231335436382755,0.009985124612188638,3
posterior,100,161,2201,0.0010710312517454828,0.5416439847577572,0.008295057966151074,0
pelear,54,41,2162,0.0,0.3921955065037446,0.0002056537967768609,2
junto,108,134,2141,0.00030773258521406494,0.5337982832618026,0.009415201862360414,3
estructura,108,120,2132,0.00043387432171765507,0.5318011758417959,0.010766788025786197,3
alcohol,93,140,2088,0.0010517540350687862,0.5375472717450027,0.008719484526320794,3
corcho,109,109,2035,0.0002559176247406414,0.5267337215457915,0.008261705753371018,3
evolución,122,148,2029,0.0005993311997648785,0.539880629408573,0.0074251938690719985,0
duda,143,158,2016,0.0013272334975133679,0.5428259683578832,0.007021560476225742,0
catar,120,64,1970,0.0008015198974122902,0.5163466528282304,0.0011967314025275418,2
mandarina,76,114,1931,0.0004569465296801553,0.5301012253596165,0.009000205917103049,3
dulzor,91,135,1876,0.0005459872526588566,0.5360991379310345,0.00790250963923005,3
combatir,48,42,1871,0.002740371387256681,0.4228644283892903,0.00019342888239277017,2
mal,141,152,1866,0.0007093757814576001,0.5410549211528004,0.007042193093814032,0
burbuja,87,114,1866,0.0003809507140813031,0.5301012253596165,0.008559983141976533,3
claro,110,142,1854,0.0005355839325504547,0.5381287182260681,0.007937800545384273,3
rf,95,129,1839,0.0005854626114903139,0.5343716433941997,0.00637833637500627,0
matiz,108,158,1836,0.0007350375486122973,0.5428259683578832,0.007152960419717321,0
reciente,89,124,1829,0.00034977405816598984,0.5329405463310123,0.008378759210750155,3
mantener,130,142,1790,0.0002784636568675799,0.5381287182260681,0.006485974789166964,0
natural,108,133,1753,0.001085938736804141,0.5355220667384284,0.006738656952935397,0
contender,43,41,1752,0.0,0.3921955065037446,0.00016402732339161705,2
amigo,124,146,1750,0.001891580014095806,0.5392953929539296,0.006626192054515054,0
faltar,118,139,1744,0.0006981597338942458,0.537257019438445,0.006527824189201668,0
esperar,116,145,1743,0.0011498392398742157,0.5369670804101457,0.006421418050355593,0
naranja,85,124,1738,0.0006859622380482347,0.5329405463310123,0.0077522641813877104,3
momento,131,152,1735,0.0009459063645340651,0.5410549211528004,0.005932334265993809,0
tinto,112,147,1706,0.0015475674455202387,0.5375472717450027,0.006010646954907786,0
decir,123,150,1674,0.0005827522386168279,0.5384199134199135,0.005243103351253469,0
disputar,41,41,1674,0.0,0.3921955065037446,0.00015643067231975487,2
último,121,142,1624,0.0012488248573549342,0.5360991379310345,0.005282472138895403,0
enomatic,68,39,1620,0.0,0.47584887613582016,0.00041472230899444745,2
poca,113,130,1616,0.0008337312416405505,0.5326552462526767,0.006535021671489857,0
gustazo,65,39,1614,0.0,0.47584887613582016,0.0004092688237217169,2
estantería,65,39,1614,0.0,0.47584887613582016,0.0004092688237217168,2
expresivo,88,116,1608,0.0003174254495541215,0.5306666666666666,0.007606072800415979,3
cosa,124,165,1606,0.003471146406850158,0.5449069003285871,0.004566495130554868,0
calidad,113,139,1589,0.0014591911163489354,0.537257019438445,0.005553466928049988,0
pasar,107,142,1568,0.0006737930813593627,0.5381287182260681,0.005811808860677463,0
propia,98,143,1568,0.0014036569056776397,0.5384199134199135,0.005865869791786132,0
precarga,62,39,1561,0.0,0.47584887613582016,0.00039062647129332076,2
tarjeta,62,39,1561,0.0,0.47584887613582016,0.0003906264712933205,2
ría,73,93,1547,0.00016159845528369474,0.5242360379346681,0.007360001563131037,3
seguro,106,127,1546,0.0007399652484573202,0.5318011758417959,0.006155653757926009,0
palomino,90,113,1530,0.0005553434554914368,0.5298189563365282,0.006286578233032216,3
mayor,99,137,1520,0.0006109032198753229,0.5366774541531824,0.0055035865298747886,0
lenta,67,122,1514,0.00028963520303657947,0.5323702514713751,0.006238960507590571,3
ganar,96,129,1494,0.0006387865742306196,0.5323702514713751,0.005532825733087144,0
frío,101,128,1489,0.0009862785046745874,0.5320855614973262,0.00561329143749531,0
loureiro,81,114,1466,0.000742962441773885,0.5301012253596165,0.005717262448836794,0
estructurado,74,100,1465,0.00041355445646452016,0.5258985200845666,0.007454536657561201,3
elaborar,109,125,1462,0.0010118222362084995,0.5332261521972133,0.005485057784344393,0
abundante,61,112,1447,0.000574548788464198,0.5295369877594465,0.00615364656085312,3
carbónica,75,96,1427,0.0002542322389685942,0.525065963060686,0.0070074480437335605,3
encontrar,106,134,1419,0.0007848775689090973,0.5358104469574583,0.005079512162705845,0
enfrentar,34,41,1394,0.0,0.3921955065037446,0.00012978921459944518,2
hermano,91,121,1388,0.0004982703760536815,0.5301012253596165,0.005162292496115085,0
típico,91,116,1383,0.0006147156613579923,0.5306666666666666,0.00549134503307961,0
parcela,88,126,1371,0.0012842910612710144,0.531517094017094,0.004656373886856109,0
membrillo,65,101,1349,0.0001467062644062862,0.5264550264550265,0.006408375229595464,3
melón,72,83,1340,9.888261409333207e-05,0.5214884696016772,0.006974502131503819,3
inicio,77,109,1336,0.0004200294682860266,0.528692879914984,0.0054425006659694535,0
tanino,63,94,1329,0.0004795722237705925,0.5231335436382755,0.005238076609674392,3
fermentar,73,121,1326,0.0006543435775281309,0.5320855614973262,0.004329348877958746,0
acerado,65,95,1325,0.0004946517284030905,0.5247890295358649,0.006421402523792684,3
trabajo,95,124,1318,0.0009348080396908583,0.5309498399146211,0.004968008508781307,0
almendra,65,82,1317,0.0002026128337153944,0.5209424083769634,0.006770574118548629,3
cumple,87,113,1305,0.0002508196649243638,0.5278514588859416,0.005603246865968892,0
sb,91,116,1303,0.0006560194436801156,0.528692879914984,0.004642538312437436,0
llegar,97,123,1298,0.0003658900307674116,0.5306666666666666,0.004655098263854392,0
sorpresa,92,101,1297,0.0003006767794272461,0.5264550264550265,0.005898096587000767,3
comida,91,104,1296,0.00037626869338534043,0.5253431890179514,0.005470615679980037,0
carácter,87,118,1289,0.00037064855373467607,0.5312333155365724,0.005433363196429991,0
semana,61,78,1282,0.00016130227550016852,0.5179593961478397,0.0059922760778783595,3
cortada,54,76,1275,9.38362019303785e-05,0.5184992183428869,0.0064173653424433345,3
aportar,78,110,1269,0.0005469635723904623,0.5289739500265817,0.005869198369328925,3
panadería,56,96,1264,0.0002629945230443065,0.5231335436382755,0.00614435099907767,3
negro,85,114,1261,0.0009562787393561509,0.528131634819533,0.004952030738124229,0
monte,63,85,1240,0.0004902399697802479,0.5220356768100735,0.006342573561786891,3
clásico,104,116,1239,0.0005171443266190176,0.5306666666666666,0.004906064908289201,0
aparecer,71,94,1237,0.0002792631883205502,0.5245123879810226,0.006378397011837865,3
igual,85,122,1222,0.0006536117069290061,0.5323702514713751,0.004563971884360501,0
sencillo,81,93,1210,0.0004176295314752647,0.5242360379346681,0.005445055631852392,3
cosecha,101,103,1205,0.0003003948375304591,0.525065963060686,0.004317909730460718,0
ciruela,58,98,1203,0.0008054591272957809,0.525620707871104,0.005714782950470591,3
tipo,92,115,1194,0.0005534355926005224,0.5284121083377589,0.004847809419323957,0
rico,85,112,1189,0.0003794950332388872,0.5275715800636267,0.0045176876465161525,0
caso,94,115,1171,0.001045874062426066,0.5284121083377589,0.0042464583318028905,0
contar,91,120,1156,0.0009289067696097351,0.5318011758417959,0.004002827964796791,0
perfecto,85,108,1154,0.00032023909660972217,0.5284121083377589,0.004743664026771021,0
redondo,74,90,1153,0.0004809900718675866,0.5234087322461862,0.005816688859326762,3
curioso,85,110,1151,0.0004010226455220465,0.5270127118644068,0.004757829501365166,0
envolvente,61,88,1150,8.641930398844318e-05,0.5228586442459274,0.0056970100707602845,3
zuri,56,81,1139,0.00020686535129108973,0.5190401669274909,0.005234191736181428,3
hondarrabi,56,81,1126,0.0001660605787495091,0.5190401669274909,0.00514556077032682,3
viognier,69,101,1125,0.00046694389079026506,0.5245123879810226,0.0042907398439469575,0
familiar,74,111,1125,0.0027964279960644295,0.5292553191489362,0.004062950769591049,0
pastelería,47,83,1121,0.0002449491436146133,0.5214884696016772,0.005366313208065401,3
cápsula,48,61,1107,0.00021208112477747403,0.5110426296866974,0.004178859953732547,3
hecho,93,107,1105,0.00027715660767322936,0.526176626123744,0.003992652979427287,0
salinidad,68,80,1103,0.0004166684075687729,0.5206698063840921,0.005958530730133344,3
maceración,63,95,1092,0.0005164997838520807,0.5220356768100735,0.004323436722780907,0
delicado,65,100,1090,0.0003017216549452653,0.526176626123744,0.004723608380970562,3
demasiado,84,100,1052,0.0009785934212174217,0.5242360379346681,0.004185894766641785,0
pan,53,93,1049,0.00024778141557342846,0.5242360379346681,0.004974487233656021,3
infusión,33,55,1048,5.2182232029142796e-05,0.5110426296866974,0.004951251749734449,3
altura,81,101,1046,0.0002534141285544369,0.5245123879810226,0.004139458709681207,0
especial,80,102,1034,0.00048490161072145283,0.5247890295358649,0.004496165604406496,0
dulzón,71,94,1021,0.0004573341614788421,0.5245123879810226,0.004514330487267534,0
abrir,77,96,1011,0.00023144144050976065,0.525065963060686,0.004208249956175918,0
visita,79,98,1009,0.0006331199638084967,0.525620707871104,0.003936929731047691,0
maridar,67,81,1005,0.0003739837192243081,0.5187695516162669,0.004674372841258786,0
grado,45,73,1002,0.0005520656021538932,0.5139462809917356,0.004574814786027527,3
magnífico,86,103,1001,0.000780367420798285,0.525065963060686,0.004129197714912356,0
cariñena,63,79,999,0.0002375704213514029,0.5184992183428869,0.004215093801923826,0
estrella,55,73,993,0.0007213868320373455,0.5168831168831168,0.0046739911650470626,3
estilo,78,105,973,0.0007318445363760699,0.525620707871104,0.003827674794698934,0
plano,64,85,970,0.0004593756494736498,0.5220356768100735,0.004607304050952364,3
ecológico,64,89,959,0.0004568231317937178,0.5231335436382755,0.004423242045195459,0
jazmín,47,67,959,7.516591574713246e-05,0.5168831168831168,0.005140656185822417,3
presencia,56,72,953,0.00021353687924269117,0.5182291666666666,0.005372293942542952,3
tempranillo,59,89,951,0.0005709304021797103,0.5212152959664746,0.0038855018446173318,0
domingo,39,60,949,6.154242814958228e-05,0.5105182144689584,0.004716406168570602,3
destacar,67,91,949,0.000354242173686498,0.5236842105263158,0.004470114993630338,3
ocasión,77,98,949,0.0006401421383773778,0.525620707871104,0.003406006203584281,0
mar,82,100,947,0.0011808586663817372,0.526176626123744,0.002845734588586682,0
presente,67,92,943,0.0003965918203586505,0.5220356768100735,0.004217304853139671,0
amable,63,78,939,0.00017627238427200524,0.520125457396759,0.004890268349117172,3
saber,79,98,936,0.0003729007371592143,0.5236842105263158,0.0035702615840962444,0
forma,71,103,936,0.0011108609590430615,0.5242360379346681,0.003402302904947234,0
acompañar,79,90,928,0.0004110327557582114,0.5214884696016772,0.0040936138037243105,0
espumoso,63,84,919,0.0007947881594474752,0.5198537095088819,0.0040665818080463925,3
moscatel,67,87,918,0.0003156518469165616,0.5225840336134454,0.003954795257899392,0
fantástico,75,95,914,0.0003406730181538052,0.5247890295358649,0.003408273166431553,0
picota,42,69,911,0.00027982715963199877,0.5150103519668737,0.0033872418984515554,3
riesling,61,81,902,0.0004114665049840508,0.5190401669274909,0.004049170742111575,0
predominar,53,76,899,8.173160076269847e-05,0.5193110647181628,0.004583754347248614,3
silvestre,47,76,897,0.00022816310287101697,0.5195822454308094,0.004669497621778611,3
aluminio,39,52,895,0.0001306567101598101,0.5086912065439673,0.0033721401317173467,3
cereza,41,63,886,0.0001282012552984534,0.5134158926728586,0.003463441828223427,3
plástico,41,51,883,0.00016771223544386206,0.5084312723556464,0.0034324564331860135,3
llevar,81,92,874,0.00035677069614978014,0.5239599789362822,0.003403232875846603,0
cena,66,89,869,0.0003740792463956129,0.5212152959664746,0.003654549540142694,0
dar,46,61,869,0.00020753331217621948,0.5136809499225606,0.004153276569122836,3
terra,62,75,857,0.0002307089868460245,0.5174206968278731,0.0037195822515123113,0
opinión,84,84,851,0.00022789031667829274,0.5198537095088819,0.003118938543821687,0
evolucionado,71,83,846,0.0004484182164379914,0.5195822454308094,0.0033690851266988927,0
costa,57,78,844,0.00044026186743157644,0.5182291666666666,0.0036941504023796745,0
pena,107,72,844,0.00021156281174350108,0.5166147455867082,0.003018520865150072,0
avanzar,30,48,842,0.010536452707266534,0.47790585975024014,0.00013984028842894662,2
mezcla,64,88,840,0.0003275472922444964,0.5228586442459274,0.0035959696879655544,0
característica,61,80,834,0.00017364015820623698,0.5179593961478397,0.0037120484348423417,0
base,61,84,833,0.000353223423365807,0.5190401669274909,0.003642447503693933,0
toledo,30,73,831,0.00036020630233511453,0.5168831168831168,0.003700216581050473,3
vid,69,89,826,0.0005389873700136366,0.520397489539749,0.0029235820321658994,0
fudre,51,70,826,0.0004475683376594527,0.5160788381742739,0.003803032018286472,0
temperatura,61,82,820,0.000616823838476008,0.5184992183428869,0.0036456934147421,0
encantar,66,84,817,0.00018809225134851283,0.5198537095088819,0.0033665381011445715,0
deber,61,89,811,0.0008116838010168188,0.5212152959664746,0.002968592301351665,0
viva,55,65,808,0.00012617891151654072,0.5166147455867082,0.004497507190814769,3
normal,41,56,799,8.934405792145172e-05,0.5102564102564102,0.003941131216916984,3
mieloso,42,65,787,0.0005662628665594419,0.5139462809917356,0.0031089503585625265,0
litro,52,83,783,0.0006247433178972077,0.5184992183428869,0.002919292163994576,0
ataque,38,69,783,7.55538839433673e-05,0.5176899063475546,0.003794197969801441,3
caramelo,41,64,772,0.00027927959993457517,0.5160788381742739,0.003946307620560542,3
cepa,58,71,770,8.10096326957076e-05,0.5155440414507773,0.0033456477859851188,0
caíño,57,73,769,0.00048516959793311993,0.5168831168831168,0.0034461596275163816,0
gracia,81,91,763,0.0027703446830490345,0.5236842105263158,0.002059208075313587,0
muestra,62,73,758,0.0002522915202579616,0.5187695516162669,0.0038543848596105904,3
predominio,44,72,754,0.0003484862246581007,0.5155440414507773,0.0036157806621441597,3
asada,42,71,751,0.00037201032394707195,0.5182291666666666,0.0037782821539843,3
ir,70,78,750,0.00045492530147347266,0.5182291666666666,0.0028498547176532365,0
gama,75,65,749,0.00012776035599537815,0.5147439213657528,0.003448932736007145,0
retrogusto,50,61,748,0.0003542618663859046,0.5120946989191971,0.0038611178028022113,3
grata,52,62,746,0.0005420072781139941,0.5139462809917356,0.0038279514913099476,3
exceso,77,74,744,0.000597385895599749,0.5168831168831168,0.003403465251830562,0
ajustada,47,60,744,8.931963952140979e-05,0.5131511088189789,0.003915263903506852,3
atractivo,52,75,744,0.0006314368063945626,0.5193110647181628,0.0036589965505920237,3
punzante,49,75,739,0.0004874550597381883,0.5193110647181628,0.003479783991979539,3
elaboración,64,77,738,0.00041211876931451503,0.5171517671517671,0.0033068842331548643,0
mano,71,90,737,0.01395775350768766,0.5234087322461862,0.0022717545547244066,0
apreciar,47,72,736,0.00018605705441181877,0.5184992183428869,0.0037116089065449805,3
torrontés,46,67,730,0.0002601226792943479,0.5152770585189022,0.0032572629217173755,0
directo,50,75,728,0.0002528571490739472,0.5193110647181628,0.003440520909893062,0
par,61,79,719,0.0004089213447000981,0.5176899063475546,0.0029259685462089016,0
ideal,62,74,717,0.0006121325893803947,0.5171517671517671,0.003139462341120939,0
personalidad,52,73,710,0.0003764434448295281,0.5187695516162669,0.0035165041801242776,0
rías,44,63,708,0.0004270651142550576,0.5160788381742739,0.003539729125420842,3
parellada,51,64,705,0.0002742632094367168,0.5163466528282304,0.003239042723524388,0
longitud,39,51,702,0.00014065391837818854,0.5115681233933161,0.004196087837164378,3
proyecto,68,77,700,0.000592061222333906,0.5171517671517671,0.00266293648698817,0
real,67,70,698,0.00037575013650766124,0.5160788381742739,0.003266175433960144,0
densidad,39,54,694,0.0001973972821347092,0.5134158926728586,0.003976260595294703,3
original,63,74,685,0.00031243474803520284,0.5190401669274909,0.003081959373287431,0
necesitar,55,63,681,0.000301077454964504,0.5160788381742739,0.0031186029884615134,0
tiza,33,46,681,5.9167938708957304e-05,0.5102564102564102,0.0040550738005565865,3
paja,46,62,677,0.00013663453141541545,0.5158113011923277,0.0036489909992100575,3
enólogo,64,72,668,0.0005216921747081606,0.5158113011923277,0.002451447420527141,0
justa,48,76,666,0.0008047768671460709,0.5195822454308094,0.0030661143657660164,0
sotobosque,38,60,665,0.00015664163172787138,0.5134158926728586,0.0030785602563612523,0
anís,37,53,659,3.401849016467324e-05,0.5123583934088568,0.0038257984650736107,3
manzanilla,38,62,658,0.00019634918444204807,0.5118312757201646,0.0032669314062818257,3
destaca,51,72,656,0.0008970285094287948,0.5166147455867082,0.0032895200223333546,3
grupo,57,75,646,0.0005564627304595686,0.5166147455867082,0.0025111008812512673,0
óptimo,48,61,644,0.000388089812276604,0.5134158926728586,0.002529848889114432,0
único,54,71,642,0.0003295866777081379,0.5182291666666666,0.002847268546059257,0
vendimia,45,68,641,0.0003981148591632456,0.5174206968278731,0.0030474596347773793,3
cargar,37,62,638,0.00016965659958125025,0.5158113011923277,0.0032077180299936218,3
disfrutar,75,70,636,0.0002751628874927733,0.5152770585189022,0.002490866866195131,0
reconocer,46,68,633,0.0003365832514104989,0.5155440414507773,0.0029970219082677677,3
pasado,62,69,632,0.00024670341020754233,0.5158113011923277,0.0026341490639264936,0
turbio,42,64,628,0.0001647418842820346,0.5163466528282304,0.0031692244128341484,3
pago,54,68,627,0.0009515090500722543,0.5155440414507773,0.002796576408903806,0
laurel,35,59,625,0.00018949137125430775,0.5147439213657528,0.0033633062940832117,3
notable,46,56,624,0.0002132671538288337,0.5142118863049095,0.0035912397241146055,3
conocido,65,67,621,0.0007126221654858398,0.5152770585189022,0.002592617870238751,0
voluminoso,35,64,617,0.0004554559195034228,0.5163466528282304,0.003164871382650535,3
malo,50,63,617,0.0002643704468049194,0.5139462809917356,0.0029806747557537434,3
azahar,39,54,614,0.0001769544231351664,0.5134158926728586,0.003335891368065682,3
bordelesa,30,38,607,2.265987868042407e-05,0.5050761421319797,0.00238745802870384,3
bonito,49,58,606,0.0002938081434386516,0.5126223596084493,0.0033777453800627093,3
empezar,68,64,605,0.00033149786223744175,0.5136809499225606,0.002708259534228832,0
entrar,51,62,604,0.00023704675827225345,0.5139462809917356,0.003113372883610822,3
resto,49,66,603,0.00045146662434726023,0.5150103519668737,0.002745787150793663,0
marisco,45,67,601,0.0008362872721200505,0.5150103519668737,0.0028319094597079645,0
mundo,59,70,597,0.0007573327361648534,0.5152770585189022,0.0021984628190667207,0
salnés,45,58,596,0.000369669231762579,0.5147439213657528,0.002775640073678954,0
ubicada,44,65,593,0.0002434958380811772,0.5166147455867082,0.002472923610867777,0
levemente,35,53,590,8.108637635508601e-05,0.5134158926728586,0.0034731812520802517,3
campo,38,54,582,8.140237338473057e-05,0.5115681233933161,0.003246823409114607,3
parafinado,27,38,580,5.8460343883410394e-05,0.5050761421319797,0.0022675030465725767,3
elegancia,43,61,577,0.000199281237977612,0.5155440414507773,0.002992671465127244,3
empordà,48,54,570,0.00018307232606057695,0.5118312757201646,0.0026416591909021983,0
rosa,38,60,569,0.0004312282343132422,0.5113052415210688,0.003098865768140208,3
americano,36,64,556,0.0007352706283425099,0.5144777662874871,0.0023792786151873844,0
horno,34,53,554,0.00021720092043911717,0.5131511088189789,0.003196741920281577,3
habitual,53,65,552,0.0010641376258152494,0.5166147455867082,0.002491922139804273,0
perfectamente,49,61,547,0.0001997070858320469,0.5136809499225606,0.0027180783658552893,0
resultado,51,61,543,0.00018746250431695303,0.5128865979381443,0.0025165747253484954,0
controlada,36,56,540,0.0004249338357002515,0.5123583934088568,0.002869290748230779,3
parecido,63,62,540,0.0003853882229706172,0.5131511088189789,0.002367089187582681,0
licor,38,41,540,0.0,0.5099948744233727,0.0004766644455813718,2
poner,62,63,537,0.00046764149334855117,0.5134158926728586,0.0017037342225195795,0
mayoría,49,65,535,0.0009424639389056836,0.5139462809917356,0.0019993506477714042,0
hormigón,38,55,531,0.00040065460174684275,0.5118312757201646,0.002337553249962176,0
grau,29,35,531,0.0,0.43871252204585537,0.0001016676881793339,2
cambados,35,57,530,0.0004265826779027469,0.5144777662874871,0.002543621193381217,3
granito,43,60,529,0.0005585641882126847,0.5126223596084493,0.001762106715142429,0
pimienta,37,55,529,0.0001134773027393307,0.5110426296866974,0.0027423529850119895,3
fresa,24,51,527,8.671312721822182e-05,0.5076530612244898,0.0021808896676717717,3
situado,39,58,524,0.00036141438348266566,0.5120946989191971,0.0025292785756393576,0
hacer,29,46,523,0.00011642804538451845,0.5076530612244898,0.0028169265040342544,3
terreno,41,55,521,0.0004283908321227492,0.5120946989191971,0.0022166075861731324,0
lado,43,55,519,0.00027294881139733004,0.5120946989191971,0.002391650404055456,0
verano,53,55,519,0.0005132579865651178,0.5120946989191971,0.002402964937050211,0
valer,83,48,517,0.0005015676518434739,0.5102564102564102,0.0020371385294864906,0
notar,51,60,513,0.0005852205620146605,0.5126223596084493,0.0024186158271026327,0
confitado,26,52,508,0.00021213485949034245,0.5118312757201646,0.002773987086374539,3
aspecto,35,57,503,0.00010509691726709878,0.5144777662874871,0.0025474282524900384,3
somontano,32,52,502,0.0002236662602859206,0.5107802874743327,0.0026230100722052594,3
ánfora,37,53,500,0.00025777014695036935,0.5107802874743327,0.00227491738592375,0
justo,54,63,499,0.0009662930571230852,0.5134158926728586,0.0018227504521600316,0
listar,36,53,499,0.0002634373635111469,0.5110426296866974,0.0026699954609248626,0
palafrugell,28,36,496,0.0,0.5084312723556464,0.00018343281447948695,2
bierzo,35,54,495,0.00029646497157247083,0.5113052415210688,0.0025459500946530124,3
perfumado,32,59,494,0.0002719678983583888,0.5150103519668737,0.002219568355503203,3
compotada,35,50,493,0.00018160636161876936,0.5092118730808598,0.00235604888154344,0
cremosidad,33,53,492,0.00034520271236536447,0.5131511088189789,0.0027543970288991895,3
bar,34,48,490,0.00012812886040729834,0.5120946989191971,0.0024603843045667125,3
reposar,39,48,489,0.00011709138204520359,0.5092118730808598,0.0024891114609267148,0
antigua,44,57,489,0.00036975624047664294,0.5144777662874871,0.0021409043453798366,0
comprar,49,52,485,0.00022070798849335366,0.5105182144689584,0.0022858225667410944,0
picapoll,35,47,485,3.843462930248865e-05,0.5092118730808598,0.0019818844481153887,0
azúcar,41,56,480,0.0003194808057309634,0.5113052415210688,0.0024178834400957866,3
valoración,63,55,476,0.0008742269604534267,0.5110426296866974,0.0007437105594092757,0
carnoso,31,45,474,0.0001111845981566638,0.5110426296866974,0.0028409541485021274,3
montsant,52,38,471,0.00032046678980008974,0.5094726062467998,0.0018288139843788047,0
mentolado,29,48,469,0.00034367621872751826,0.5120946989191971,0.002691109949885313,3
ciegas,45,55,469,0.0008342763067419622,0.5139462809917356,0.0012348688434011166,2
sutilmente,30,44,466,1.0657734164998185e-05,0.5063613231552163,0.002633559743349737,3
medida,42,56,466,0.001159615318382766,0.5123583934088568,0.00210934037928091,0
calor,45,54,464,0.00044181282902586866,0.5115681233933161,0.002358104803788485,0
metálico,33,54,464,0.00037138737225610754,0.5136809499225606,0.0022579924830849088,3
gallego,44,50,463,0.0003405703782688195,0.5107802874743327,0.0023872035913466943,0
placer,52,48,462,0.00020228228441015225,0.5094726062467998,0.002200849256337568,3
segre,30,52,460,0.00040264010112071207,0.5110426296866974,0.0019491794992350057,0
gamba,35,48,460,0.00022597527590496335,0.5120946989191971,0.0026037474390482934,3
peso,32,49,460,0.00010393199777889749,0.5012594458438288,0.0025706768154168365,3
separado,37,49,457,8.254006911815119e-05,0.5097336065573771,0.0020718973216420802,0
exótica,37,43,456,0.00019650953935931482,0.5107802874743327,0.002786160647274814,3
albillo,38,54,454,0.000595014649936239,0.5118312757201646,0.0021906238858261685,0
gewürztraminer,31,49,452,0.00020586633786983993,0.5105182144689584,0.0022831703085214932,3
criado,43,47,449,0.0001433399766186294,0.5092118730808598,0.0023028027747048607,0
espectacular,61,51,447,0.00020729602939464437,0.5110426296866974,0.002188818031814757,0
lácteo,27,38,446,2.5747659504585582e-05,0.5081716036772217,0.0027336475355363597,3
presentar,36,45,446,0.0001005347903438155,0.5110426296866974,0.0026635100337688827,3
mosto,39,57,443,0.0008723641463372739,0.5115681233933161,0.0018697181669920374,0
transparente,37,45,442,6.64290309124506e-05,0.5086912065439673,0.002601639411397264,3
maravilla,53,51,442,0.0001810516146000769,0.5102564102564102,0.0018861114638345083,0
contacto,37,50,442,0.00048489469354869166,0.5097336065573771,0.002225539710532337,0
corona,20,42,441,0.000190750151558036,0.505589430894309,0.002300416010872575,3
conjunto,39,49,435,0.00030040696820175507,0.5123583934088568,0.0024938572423406596,3
arena,37,49,431,0.0003926963532823283,0.5097336065573771,0.0013564772030352683,0
escasa,34,48,428,0.0002460584939433072,0.5099948744233727,0.0023039179483573613,3
altitud,33,48,427,0.00027228069579254117,0.5094726062467998,0.001843248757352202,0
conocer,53,47,425,0.00022425878102631274,0.5089514066496164,0.0021251314428492015,0
airén,27,40,424,1.8592307916892593e-05,0.5076530612244898,0.0024722226745885726,3
hidrocarburo,33,45,420,9.759365210879628e-05,0.5,0.002224024443336696,3
diferencia,41,50,419,7.355886645508612e-05,0.5099948744233727,0.0019377825523442997,0
vista,40,53,418,0.0008257054089432788,0.5107802874743327,0.0020077484494022348,0
económico,31,39,418,7.954173434639428e-05,0.5076530612244898,0.0022875916576226476,3
vertical,39,47,412,0.0006162271427351736,0.5099948744233727,0.0022117724809649444,3
frambuesa,19,46,412,0.00018415662490784752,0.5063613231552163,0.0016094789486370247,3
acertado,37,46,411,0.00018636188360896945,0.5097336065573771,0.002186298296129237,3
limitado,31,44,409,0.00024375879273138656,0.5089514066496164,0.0021697391927984794,3
retronasal,28,40,408,7.211924950638415e-05,0.5050761421319797,0.002523562392316475,3
familia,45,47,408,0.00029554498932273806,0.5092118730808598,0.0018581079698737717,0
sorprender,46,45,405,0.00010807686882994541,0.5086912065439673,0.002264610422455028,0
singular,40,49,402,0.0005049637261742407,0.5094726062467998,0.0016471559019746351,0
miño,36,44,399,0.00017608583940549095,0.5084312723556464,0.0010127819433679525,0
similar,37,51,397,0.00048220748656121885,0.5099948744233727,0.0019408015083286316,3
sumar,32,47,396,0.00035302088419922437,0.5092118730808598,0.001991591272976539,0
salir,50,47,396,0.00010434954526001237,0.5092118730808598,0.001624003094764322,0
queso,31,48,395,0.0009175869748412555,0.5102564102564102,0.0019494366881951863,3
poco,36,47,394,0.00035550319263246837,0.5089514066496164,0.0020805068116020995,3
metro,32,44,394,0.00041939410589172374,0.5092118730808598,0.0018035935137947902,0
procedente,33,49,391,0.0004794945737753902,0.5097336065573771,0.0018930278782372727,0
evolucionar,35,49,391,0.000298904415622094,0.5097336065573771,0.0018093394126344475,0
selección,34,45,390,0.00023480592966660237,0.5086912065439673,0.0019930367998276057,0
menta,23,44,389,0.00018231167605371575,0.5061037639877924,0.002196029989816861,3
autóctona,33,44,385,0.00011122273077903623,0.5110426296866974,0.0020614771782715264,3
hora,41,51,380,0.0005522037421230164,0.5102564102564102,0.0016290167155515868,0
velo,37,38,376,0.00024765021593528796,0.4982473710565849,0.001753480408617233,3
centenaria,32,43,375,0.00024775195680485376,0.5079122001020929,0.0019833824476413876,0
merecer,51,41,371,0.00033354813567654267,0.5084312723556464,0.001407737591173395,0
mínima,30,41,371,7.914769603223926e-05,0.5102564102564102,0.0018494355868654876,0
doña,31,36,367,3.317233703137167e-05,0.5066191446028513,0.002106250314613405,0
resultar,40,39,363,6.262229848481103e-05,0.5071355759429154,0.0021024426617001417,3
mediterráneo,28,38,361,0.00013724864127691864,0.5066191446028513,0.001622167759599271,0
típica,40,38,360,2.6591234685211013e-05,0.5068772287315334,0.0021700980452613334,3
suerte,30,47,355,0.0003151296541035631,0.5092118730808598,0.0018032652840412817,0
trago,27,46,352,0.00018421104514769782,0.5113052415210688,0.0018473411887278723,3
arroz,32,42,350,0.0003169821710378035,0.5066191446028513,0.0019961043009684076,3
nivel,54,40,350,0.0004032014678967009,0.5081716036772217,0.0016238822137005105,0
anaranjado,29,36,350,0.0002289556581530417,0.5086912065439673,0.0022733238220231052,3
condado,37,38,349,0.00011448588034088257,0.5068772287315334,0.0015044777163187107,0
px,31,39,346,0.00016297754578824427,0.5071355759429154,0.0015575900003044344,0
ágil,28,38,345,4.487243884617579e-05,0.5092118730808598,0.0019778927206102236,3
portal,28,30,342,8.54702987095331e-06,0.5035425101214575,0.0017261462018706543,0
marca,38,39,341,0.0001875431346884273,0.5097336065573771,0.002003546937838169,0
lichi,26,39,340,9.197218236114624e-05,0.5066191446028513,0.0019935436090515422,3
perder,40,39,339,0.00015628159902717688,0.5071355759429154,0.001803269931193144,0
lujo,47,28,338,0.00024294514616356595,0.5068772287315334,0.000900743054381868,0
apunte,23,39,336,0.0002917848369467503,0.5084312723556464,0.0021469568491019686,3
aglomerado,17,32,332,0.00016631378549896765,0.5035425101214575,0.0013325592112171944,3
cálido,24,38,331,0.00031136796132638536,0.49725137431284355,0.0020134640606990894,3
calcáreo,28,41,328,0.0003610324656181707,0.5071355759429154,0.0015749053556387829,0
hijo,38,43,328,0.0004026342372276005,0.5081716036772217,0.001175536886139871,0
cerrado,26,33,327,0.00012475310834154138,0.5079122001020929,0.0021654399943789398,3
zerratia,22,36,327,0.00012331882248601492,0.5071355759429154,0.0015991287567794835,3
muscat,30,38,327,8.949610718874297e-05,0.5071355759429154,0.001665104257651326,0
aireación,18,33,323,2.610269684124038e-05,0.5068772287315334,0.001962698337939045,3
vida,45,36,322,0.00013460833987940385,0.5061037639877924,0.0018029475986965113,0
rosado,38,41,322,0.0007925133156856747,0.5084312723556464,0.0016879339706155929,0
alimonado,22,41,322,0.0001344338120102197,0.5099948744233727,0.0017276239654972448,3
oscuro,27,41,321,0.0005093228854874249,0.5079122001020929,0.0017530940857679908,3
inicial,25,41,321,0.0005368337407799953,0.5073941866394697,0.0017886989228668158,3
almíbar,26,36,319,0.00020927876495536337,0.49675486769845234,0.001995866613432246,3
comprado,32,34,317,0.00013344901014175018,0.5063613231552163,0.0019713739548387855,3
cuatro,35,38,315,0.00011401256597133559,0.5066191446028513,0.0015538888684229438,0
prensado,26,40,314,0.0003226991710975027,0.5073941866394697,0.0014983833851029923,0
tenue,26,39,314,0.0002701506067140337,0.5097336065573771,0.001789676588675986,3
principio,40,37,309,0.00013947005099039573,0.5066191446028513,0.0017515523777271605,0
pensar,40,39,309,0.00011896263459099273,0.5068772287315334,0.0015616071865409461,0
eucalipto,24,36,308,0.00022016192824579484,0.5076530612244898,0.0017059528790957985,3
funcionar,29,33,308,0.00019439381396868134,0.5063613231552163,0.0015902515968098019,0
pie,35,38,307,0.00010889076289372524,0.5066191446028513,0.001528826764221289,0
cava,35,33,307,0.00010657942592822639,0.5063613231552163,0.0018510402298454482,3
pelo,31,34,307,0.00016294422985490672,0.505589430894309,0.001885852803968985,3
aperitivo,34,37,307,0.00030097814914778736,0.5066191446028513,0.0015887572459690298,3
básico,44,33,305,3.5656509170668666e-05,0.5063613231552163,0.0016768843076310975,0
pedir,35,36,304,0.00014263784173621421,0.5071355759429154,0.001705442145540741,0
gratallops,28,29,303,6.803760145829057e-05,0.5045638945233266,0.0011223542854422999,0
consumo,33,33,302,0.00013651905685088802,0.5061037639877924,0.0013641438655536413,0
personal,36,39,300,0.0002233056460119647,0.5071355759429154,0.0010967663388471922,0
luminoso,18,36,298,0.00021318576410824961,0.5076530612244898,0.001781276664193083,3
agua,31,32,298,0.00013821653366875318,0.5050761421319797,0.0019494919916864999,3
orígen,35,38,295,0.00023446114119876095,0.5094726062467998,0.0015811260477851161,0
subido,26,37,295,0.0003244519969108918,0.5068772287315334,0.0017047666621735431,3
piedra,30,38,293,0.00033853566485386385,0.5092118730808598,0.001715272599684359,3
arenoso,29,34,291,7.314278129984013e-05,0.505589430894309,0.0010890491080299024,0
verdad,40,40,291,0.0001416003076716606,0.5081716036772217,0.0014323784311553902,0
noble,18,34,290,0.00011678655353254227,0.49625935162094764,0.001732713262686852,3
imprescindible,36,36,290,0.0005395700579987023,0.5061037639877924,0.001275439777414252,0
don,27,28,282,1.6851527928037233e-06,0.5043081601621896,0.0010554053474279492,0
lonja,24,33,281,6.526275785044478e-05,0.4811411992263056,9.841552482065047e-05,0
potencial,38,33,281,9.967309955719611e-05,0.505589430894309,0.001394248267416394,0
marchita,17,31,280,0.00015022048910856017,0.4955179282868526,0.0018095987095731372,3
sorprendente,33,36,280,0.00014957569717194473,0.5063613231552163,0.001667389635247273,3
brillo,25,27,280,2.4560676144113052e-05,0.494778717056191,0.0017503969172161724,3
punta,20,34,279,9.45613841771357e-05,0.5071355759429154,0.0018049512278243344,3
mancha,17,34,279,8.37247744096802e-05,0.5037974683544304,0.001546795947432078,3
producto,38,36,278,0.00017002073529868061,0.5063613231552163,0.0014489791344105471,0
costar,39,34,278,0.00023209162607232053,0.5066191446028513,0.0017074337854670971,3
burdeos,15,29,277,2.7348908174043377e-05,0.5027791814047499,0.001208749694472896,3
total,38,33,277,0.00044112941107136435,0.505589430894309,0.0015043718385929674,0
violáceo,19,28,275,0.00013892191651622543,0.5017650025214322,0.0013391204191528234,3
aire,32,39,274,0.0006087239957784024,0.5097336065573771,0.001387081887775806,0
cambio,36,36,271,0.00011543864112173891,0.5063613231552163,0.0013431859988951192,0
esperado,26,35,271,0.00010573833730304502,0.5058464667005592,0.0014904056470713006,0
siglo,30,35,270,0.00018240199809102048,0.5058464667005592,0.0015394397100270912,0
distinto,29,33,269,8.47204414387244e-05,0.505589430894309,0.0012719013157725066,0
alcohólica,28,34,269,0.0003751478243795723,0.5079122001020929,0.0014645226982217365,0
tea,29,30,269,7.652847787949112e-05,0.5048198883815322,0.0011126291165240445,0
huevo,28,34,268,0.0002219109041657061,0.505589430894309,0.001301897563299316,0
generación,33,35,265,0.00022383782072969973,0.5058464667005592,0.001268738694990836,0
sienta,31,30,263,8.450476334896366e-05,0.5045638945233266,0.0015401718171002886,0
aguja,29,30,262,6.636877147344045e-05,0.49625935162094764,0.0016981264786156832,3
profundo,31,29,262,0.00024677182743526973,0.5050761421319797,0.0016322808284578254,3
galicia,41,30,262,4.975319701201018e-05,0.5045638945233266,0.0014487611900629348,0
rendimiento,22,34,260,0.00010496428758630838,0.49725137431284355,0.0011340519329068532,0
pescado,32,30,258,0.00014300954969867578,0.5043081601621896,0.001395284576114005,0
corte,20,32,257,0.00014802835578563793,0.5079122001020929,0.0016315013488404544,3
cemento,22,33,256,0.00041460148034812793,0.5061037639877924,0.001290154302388662,0
granate,17,30,256,0.00030699762999643505,0.5022715800100959,0.001257042688097909,3
acabar,34,34,255,0.0003372369540754197,0.5058464667005592,0.0012917911260498503,0
ladera,27,32,254,0.00021206837062330046,0.505332656170645,0.0011898756532425475,0
historia,44,33,252,0.00022923890339454392,0.505589430894309,0.0010665272884528576,0
magnum,30,31,251,0.00019227431733661015,0.5048198883815322,0.0014401312343439788,0
tradicional,33,33,250,0.0003084625673889574,0.5081716036772217,0.001404383518622933,0
mix,20,32,249,8.78131558656231e-05,0.5050761421319797,0.0013491188954378825,3
manual,24,32,248,0.00015294749473714978,0.5079122001020929,0.0013394312132893093,3
pazo,32,29,248,0.00015062168648606895,0.5043081601621896,0.0012001386989302183,0
experiencia,37,33,248,0.00019915610852337817,0.505589430894309,0.001186679023332957,0
excepcional,35,31,247,0.00013047024100413488,0.5050761421319797,0.001404226698331213,0
simple,33,32,247,0.00020641899727876344,0.5050761421319797,0.001399580497312549,3
pesar,33,31,247,0.00014281753127799534,0.5048198883815322,0.0014655394725735585,0
noche,41,32,247,0.0009020724107569469,0.5079122001020929,0.001277529848498896,0
cumplidor,34,31,246,0.0002248445179095526,0.5027791814047499,0.0014807550910715369,3
borde,20,26,245,0.00011307438022639144,0.4952712792434047,0.001560209115324149,3
pomares,32,23,244,7.891279288506875e-06,0.4945328031809145,0.0011974447491028644,0
puro,37,32,244,0.00018814625590012947,0.5079122001020929,0.0013326595187475468,0
línea,37,32,243,0.000259649860617957,0.5050761421319797,0.001118927041422797,0
mercado,34,34,243,0.00038087232135447865,0.505589430894309,0.0010212240567257136,0
combinación,31,32,243,0.00020101224172808151,0.5048198883815322,0.0012774013432504006,0
llena,29,23,242,2.9925313992812097e-05,0.505332656170645,0.0017229828808622701,3
recomendar,35,31,242,0.0004383561728414563,0.505589430894309,0.001238582369570981,0
pendiente,35,33,242,0.000316598353960204,0.505589430894309,0.0009833387667942603,0
suficiente,33,32,241,0.0002874005551266199,0.505332656170645,0.0014176723199131299,3
sápido,18,27,241,0.000121920774403785,0.5017650025214322,0.0013830025065965851,3
joya,27,29,240,5.711804119238036e-05,0.5045638945233266,0.0011827335738674805,0
invitar,24,27,238,6.348823906000217e-05,0.5040526849037488,0.0015526601262020523,3
local,33,30,237,9.49552699986085e-05,0.5048198883815322,0.0012306652748409763,0
amplitud,16,30,237,0.00018738594773522695,0.4952712792434047,0.0015784929330045147,3
dudar,28,31,237,0.00014002225258896427,0.5048198883815322,0.001223620223261112,0
isla,33,29,236,7.623891002571648e-05,0.5045638945233266,0.0014139594940552446,0
buscar,36,30,235,0.00010225114643686504,0.5048198883815322,0.0012804026139455493,0
serio,35,32,235,0.00023927949333424592,0.5050761421319797,0.0013364190856860801,0
complicación,34,27,235,0.0001439988712594504,0.5045638945233266,0.0011951319255359167,0
margen,26,27,234,4.223403313824275e-05,0.5040526849037488,0.0010064413818237827,0
bosque,21,30,231,0.00013048460785962604,0.4952712792434047,0.0014000877838022193,3
orejón,15,30,231,5.461140331670643e-05,0.4952712792434047,0.0014231127268593798,3
exquisito,27,31,230,0.00018279251338664486,0.505589430894309,0.0013527352756649755,0
llamar,33,29,230,0.00018170932042525464,0.5043081601621896,0.0012630727793688195,0
tapa,25,29,229,0.00022027426256466908,0.5025252525252525,0.0014941043315043724,3
subzona,23,30,229,0.00017377330003253417,0.5071355759429154,0.0011598136521301637,3
atacar,20,23,229,3.6990970472438654e-05,0.4935515873015873,0.0012412289287788817,3
difícil,34,30,228,9.169259571701661e-05,0.5045638945233266,0.0012201437294393222,0
biológica,20,28,228,0.00021813815189050957,0.5030333670374115,0.0010388132591643742,3
tonalidad,20,28,227,0.0001054366061368492,0.494778717056191,0.0015447617868448525,3
lineal,15,33,227,8.904828829401391e-05,0.3908091123330715,2.535522184388125e-05,2
volcánica,18,28,226,0.00011252853664931657,0.4957648231190832,0.0014884859620510774,3
extraordinario,32,26,223,0.00010935414498661631,0.4952712792434047,0.0011647532135516143,0
carta,31,29,223,7.352893591142021e-05,0.5045638945233266,0.001279530915314277,0
subir,32,29,223,0.00020248183600971996,0.5045638945233266,0.0012545334679447588,0
fallar,31,27,221,8.679623150195277e-05,0.5045638945233266,0.0013001046805266934,0
aceptable,29,27,220,0.00011800135643183222,0.5037974683544304,0.0014408080010782289,3
semi,18,29,217,0.0003056532638200067,0.5043081601621896,0.0014300351252067058,3
tratar,28,29,217,0.0004254427065440592,0.5043081601621896,0.0011497645326609214,0
embotellado,34,30,217,0.00017291882045347782,0.5045638945233266,0.0009272148206366656,0
respecto,26,29,216,0.0002562193448531769,0.5043081601621896,0.0012482549669568953,0
albariza,18,27,216,0.00030820290317596716,0.4945328031809145,0.0011979373354916929,3
mencía,23,31,216,0.0006625616191498736,0.505332656170645,0.000990919475558276,3
manera,35,31,215,0.0003282783798518498,0.5050761421319797,0.001182587326083184,0
completo,30,26,215,7.574721385832907e-05,0.5035425101214575,0.0014252935983718905,3
juventud,28,29,213,0.00020820664526134133,0.5043081601621896,0.0012220922150654602,0
rosal,28,30,212,0.0003679663287124436,0.5073941866394697,0.0010453815424967248,0
absoluta,24,30,212,0.0002585039642110944,0.5045638945233266,0.0011627723882321576,3
green,23,24,212,4.8915664644533565e-05,0.4940417080436941,0.0012000719654363934,3
increíble,39,31,211,0.00031491130698500753,0.5058464667005592,0.0010690824208909285,0
sidra,15,27,209,0.00012843304531325066,0.5017650025214322,0.0012814063368126543,3
falset,34,11,208,1.7044116818643373e-06,0.4992473657802308,0.0004103534503943523,0
eulogio,29,21,207,2.9982689876136447e-05,0.4940417080436941,0.0010369685407437958,0
general,26,23,201,0.0001293488404489657,0.4935515873015873,0.0014255153836112287,3
duero,28,28,201,0.00024662248945435535,0.5043081601621896,0.0010024072211463958,0
envejecido,23,24,198,0.000131281898800921,0.5027791814047499,0.0011953735425339139,0
cooperativa,27,29,198,0.0004753348418078196,0.5043081601621896,0.0010692230937541715,0
disfrutable,30,28,197,0.0008741480727882124,0.5050761421319797,0.0011138015343082762,0
aporte,25,24,196,7.560345563288571e-05,0.5027791814047499,0.001321421482182051,3
menú,38,27,195,0.00032765838797112743,0.5037974683544304,0.0008543011120010124,0
vinazo,23,24,195,0.00015187248706606944,0.501007049345418,0.0013428769050547057,3
pobre,23,26,194,0.00014690087303432693,0.5035425101214575,0.0009877895931246642,0
licoroso,23,27,194,0.00025097223867901906,0.5037974683544304,0.001138218042480972,0
breve,23,28,193,0.0004288433806141633,0.5043081601621896,0.0010141384431117451,0
viticultor,31,27,193,0.0007427910342592299,0.5037974683544304,0.0008048944392161589,0
plantada,22,27,193,0.000166064044532087,0.5037974683544304,0.0009571286581945153,0
leer,34,23,191,4.9042235714100474e-06,0.5027791814047499,0.0010771260903854522,0
frutoso,18,20,191,8.425763964018618e-06,0.4928182268449728,0.0013652311918189485,3
principal,22,27,191,0.0001512213924188986,0.5045638945233266,0.0011817987921269085,3
música,18,26,187,8.786060629786299e-05,0.4785954785954786,7.34211355922017e-05,0
figuera,17,23,187,0.00010754044937487866,0.5030333670374115,0.0006236132735688935,0
frutalidad,29,27,187,0.00016052919909480195,0.5035425101214575,0.0008757293611810795,0
divertido,31,24,186,0.0002266610391779209,0.5032878098128477,0.0009881611668400452,0
syrah,27,23,185,9.801203033334153e-05,0.5022715800100959,0.0008309972774378146,0
tremendo,23,23,185,0.00011284304814069333,0.5027791814047499,0.0011850232926937426,0
rastro,19,25,185,0.00018368526770605733,0.4942871336313959,0.001280473423158071,3
elevada,21,24,184,0.00013608388281406722,0.505589430894309,0.0012366920703577081,3
alma,30,25,184,0.00011974309850356793,0.5032878098128477,0.0010904832080164562,0
raspón,17,24,184,9.170244269344612e-05,0.5,0.0008714762905108221,0
espaldera,20,25,183,0.00011887201765749826,0.5032878098128477,0.0007686870516829983,0
feria,19,27,182,0.0002571350309229731,0.5035425101214575,0.0009199917149241063,3
oxidativo,24,23,182,4.986131844924376e-05,0.5032878098128477,0.0008932731000812273,0
amielado,15,23,181,4.260397725098037e-05,0.4935515873015873,0.0012843656862509688,3
textura,17,24,181,3.895528593329765e-05,0.49379652605459057,0.001256630896025461,3
particular,27,23,181,1.6250447318013168e-05,0.5027791814047499,0.0010812344451790602,0
curiosidad,29,26,180,0.00016226589727301533,0.5037974683544304,0.0010871873132973298,0
avellana,17,23,180,2.3930492410825652e-05,0.4935515873015873,0.0011911969311559118,3
pedro,31,26,180,0.0005497876579299231,0.5045638945233266,0.0010184283172025676,0
partir,24,23,179,0.00013147200996956013,0.5030333670374115,0.0009699307432090513,0
hablar,34,24,179,6.621902312514526e-05,0.5032878098128477,0.0010485054937117105,0
puntuación,23,26,178,0.00012192768235838982,0.5015120967741935,0.0004257349984653334,0
mesa,36,28,178,0.0004504168672393363,0.5043081601621896,0.0009343302184767505,0
macedonia,36,23,178,0.00012358069277952847,0.5027791814047499,0.0007036694370202083,0
pinot,20,24,178,0.00016848150592036322,0.501007049345418,0.0008598626710703688,0
prensal,30,20,178,7.820878011824976e-05,0.5017650025214322,0.0008346112648912834,0
ocho,19,25,177,0.00021716545796543154,0.5032878098128477,0.0009388942036258756,0
monterrei,24,22,173,0.00011930184495474639,0.5030333670374115,0.0011233338125140623,3
lugar,31,24,172,0.00014629683198998458,0.5037974683544304,0.001018807191066974,0
salar,26,8,171,0.0,0.4955179282868526,0.0002878787746227357,0
río,22,24,168,0.00018707360635960023,0.5030333670374115,0.0009721544697247787,0
tomás,21,23,168,0.0002550622164619163,0.5027791814047499,0.0007664612412976606,0
pedernal,15,22,167,8.439709311564299e-05,0.4945328031809145,0.0009326433201529365,0
paella,25,23,167,0.00017586831829158648,0.5035425101214575,0.0010771751769541708,0
biodinámico,27,24,166,0.0003043467713223512,0.5030333670374115,0.0010127156810548319,0
ancestral,22,23,166,0.00012598468249411495,0.5035425101214575,0.0008231596607700661,0
top,28,23,164,0.0001285464122840066,0.5027791814047499,0.0007693278682011763,0
enorme,21,23,163,0.00012653682745541385,0.5043081601621896,0.0011647611900907527,3
ojo,24,22,162,6.368241586938041e-05,0.5022715800100959,0.0010884896615806227,3
salvaterra,20,21,161,0.00011374005797020862,0.5025252525252525,0.0003744512378704199,0
remitir,43,16,161,0.0001242228020336752,0.5015120967741935,0.000543818569833626,0
vivir,23,21,161,8.096052848978721e-05,0.4930624380574827,0.0011887091839733457,3
clara,19,22,160,3.160678328035951e-05,0.5025252525252525,0.0011078350283351501,3
nocturna,20,20,159,1.6554000682807124e-05,0.5005030181086519,0.0009039252773449703,3
tapeo,21,24,159,0.00015549538043421656,0.5012594458438288,0.000993811277080595,3
bota,17,23,159,0.0004976232396933631,0.5017650025214322,0.0007335297272862974,3
cultivo,17,25,157,0.0004174789249316526,0.5032878098128477,0.0007837492404545386,0
glicerina,23,20,157,4.8470860569782524e-05,0.4928182268449728,0.00112255937475933,3
molestar,19,18,156,3.770477105644137e-05,0.49233052944087086,0.0012425003833019227,3
acacia,18,22,153,0.00014858410498494185,0.5027791814047499,0.0009581145643462924,0
retro,18,21,153,0.0001601113575519093,0.4930624380574827,0.001066006624575976,3
vinacoteca,25,18,152,7.667736079873752e-05,0.5015120967741935,0.0007155674432601403,0
venir,30,22,152,0.0001337174122632103,0.5025252525252525,0.0009086858908891116,0
sentado,18,20,152,8.665975984898206e-05,0.49379652605459057,0.0008898046457681421,3
grasa,15,19,152,2.3481180057750195e-06,0.49257425742574257,0.0010896663217939036,3
meloso,16,20,152,2.0905792376926592e-05,0.4928182268449728,0.0011625379177780783,3
compartir,33,23,151,0.00028591484925980025,0.5027791814047499,0.0003241354650212809,0
genial,25,20,149,5.651828003673506e-05,0.5022715800100959,0.0009235015068509972,0
elaborador,34,17,149,4.7639269452561266e-05,0.501007049345418,0.00032587697638394387,0
oportunidad,27,21,148,0.0001746077504141067,0.5025252525252525,0.0007678473342580735,0
pasión,22,21,147,9.185049372682494e-05,0.5048198883815322,0.001064729262307226,3
maduración,20,24,146,0.000581191466563054,0.5030333670374115,0.0008405781386152447,0
arcilloso,19,19,146,2.8851132654788808e-05,0.5015120967741935,0.0007015587676120623,0
realizar,24,18,146,5.392252914309762e-05,0.5012594458438288,0.0009232641424933054,0
pueblo,26,20,146,7.724771411633617e-05,0.5020181634712412,0.0008026028362145973,0
edición,24,20,145,6.106345732087799e-05,0.5005030181086519,0.0009405348222304225,3
atención,22,19,144,2.3192161554636237e-05,0.5017650025214322,0.0009293414403170998,0
pleno,23,19,143,9.929570507093925e-05,0.49974886991461576,0.0009859980012389292,0
as,26,22,143,0.00018331516454523318,0.5025252525252525,0.00045910122831155814,0
comer,25,18,142,1.8427146882073966e-05,0.5015120967741935,0.0010345639649032546,3
mujer,23,18,142,9.415359721184027e-05,0.5012594458438288,0.0009766562419082818,3
rato,27,19,141,3.6708882811406654e-05,0.5020181634712412,0.0007669365622654079,0
pizarra,18,19,141,9.739668344824082e-06,0.49257425742574257,0.0009757475725125877,3
medio,15,18,140,6.97168460186869e-05,0.5012594458438288,0.001019773373143239,3
merlot,26,18,140,0.0001071428478036523,0.501007049345418,0.0007169004794458164,0
grano,20,18,139,6.838387955615217e-05,0.5012594458438288,0.0008288253386681035,0
bilbao,18,17,137,5.818877591586999e-05,0.4920870425321464,0.0008640263592948072,3
público,28,18,136,5.595254527316663e-05,0.5012594458438288,0.000582259966320417,0
ambarino,16,17,136,7.821768798281877e-05,0.4930624380574827,0.0009395530880353082,3
bouquet,19,20,135,0.00012719346700253874,0.5048198883815322,0.000766131940296771,0
madurez,17,18,134,3.504364040090535e-05,0.4933068914229053,0.0010210673979404383,3
visto,26,19,133,0.00013743348757128997,0.5017650025214322,0.0008544484268499866,0
delicioso,23,17,132,6.618675105331746e-05,0.4930624380574827,0.0009789972781509089,3
cantidad,17,21,132,8.496379890574208e-05,0.5,9.923292396763069e-05,0
comentar,25,20,132,0.00018853040324017694,0.5017650025214322,0.0006352796309417964,0
fan,25,20,131,1.2434429841236742e-05,0.5020181634712412,0.0007952979539120301,0
convencer,23,18,131,0.00010457099765393356,0.5017650025214322,0.0008671092431158786,0
percibir,16,20,131,0.0003141359377790315,0.4930624380574827,0.000923582195302318,3
mora,16,19,131,8.765600974919257e-05,0.5012594458438288,0.00076213655444043,3
malvar,18,18,130,5.261769828143835e-05,0.4994979919678715,0.0009325907064864273,3
merseguera,16,17,128,0.00010840956091998465,0.5020181634712412,0.0009131059574758059,3
españa,25,18,126,0.000140178762413065,0.5017650025214322,0.0007567275734559107,0
cocinar,18,15,126,5.223973657691542e-06,0.49257425742574257,0.0005751284652526891,0
número,25,18,125,0.00010944948028407874,0.5015120967741935,0.0008187466572627778,0
crujiente,19,15,125,1.240713161275632e-05,0.49257425742574257,0.0010149535722109703,3
premio,24,18,124,0.0005416796153525425,0.5017650025214322,0.0007813949694932783,0
camino,23,19,124,0.00021144876734299913,0.5017650025214322,0.0006505472955323658,0
hectárea,15,18,123,3.795793997192578e-05,0.5015120967741935,0.0008190508299244706,3
expectativa,19,16,123,1.8424271486751823e-05,0.4928182268449728,0.0008231961744834834,0
español,21,15,120,7.817268923621742e-06,0.491600790513834,0.0009418208204378418,3
degustación,15,19,119,0.0005164457601622148,0.5020181634712412,0.0003350624300756186,0
homenaje,17,18,119,0.00010636583703581017,0.5012594458438288,0.0008666537745320995,3
pretensión,24,16,118,5.4312707482496196e-05,0.5007549068948163,0.0006640087399635637,0
formato,20,17,118,4.5585909217088044e-05,0.5012594458438288,0.0007271597613244401,0
bebido,23,18,118,0.0002971895872166569,0.49974886991461576,0.0006466364193941111,0
aportación,18,16,117,2.6205967958066826e-05,0.4928182268449728,0.0008364978889926626,3
menudo,18,14,117,1.3703646468046989e-05,0.5002513826043238,0.0007225006896526768,0
espontánea,15,15,117,1.1341078295569056e-05,0.49257425742574257,0.0006133660807753841,0
canto,20,16,115,2.3387044394912817e-05,0.5007549068948163,0.0006520998359061458,0
concurso,19,15,113,6.560861539982497e-05,0.5005030181086519,0.00011142728340586589,0
cambiar,26,17,113,9.94610523282365e-05,0.5012594458438288,0.0004854696181752229,0
alejandría,17,15,113,3.060715647226278e-05,0.5005030181086519,0.0006993889875531778,0
terraza,21,17,112,6.177611615469437e-05,0.501007049345418,0.0007436701495269814,0
ofrecer,22,15,112,0.00013278161029577044,0.491600790513834,0.000873374416252213,3
porrera,21,18,112,0.0006629071550224841,0.5043081601621896,0.0004360248316449198,0
brisat,15,16,111,0.00018338879236936794,0.49257425742574257,0.0004934262673113352,0
residual,15,18,111,0.000382629627100621,0.49233052944087086,0.0007474948208500286,3
gris,16,16,111,0.00014829010988238393,0.4928182268449728,0.0006211730356784685,0
chenin,18,16,111,7.686208462617018e-05,0.501007049345418,0.0006912398492033399,0
favorito,25,16,110,0.0002807623701313163,0.5012594458438288,0.0005342110782625412,0
referencia,24,14,110,1.8526552860718255e-06,0.5007549068948163,0.0006120879820037463,0
fase,22,15,110,5.7378900420868466e-05,0.49257425742574257,0.0008225249840918487,3
fruto,15,14,109,0.0,0.49135802469135803,0.0009384762154418375,3
actual,24,16,108,0.0001566651700492423,0.501007049345418,0.0006182621719864972,0
entender,27,15,107,1.9229248483998045e-05,0.501007049345418,0.0005886203200597004,0
pulpo,22,15,107,0.00018341677392473763,0.5012594458438288,0.00078620229097249,3
crecer,20,16,106,0.00012035452418446343,0.4992473657802308,0.0006774965763320672,0
viticultura,15,16,106,7.885062333600767e-05,0.501007049345418,0.0007366842095056391,0
trabajar,25,14,106,1.4472389325937298e-05,0.5005030181086519,0.0006003978191769012,0
valor,15,14,105,1.7390043231693417e-05,0.49135802469135803,0.0007529983067896415,3
supermercado,16,16,104,7.897832928395523e-05,0.4989969909729188,0.0007667367848189997,3
proceder,15,16,103,0.000211158705000306,0.4928182268449728,0.0006382236694836749,0
tipicidad,24,14,102,6.610869826891656e-06,0.491600790513834,0.0006791365342937108,0
arcilla,21,14,101,9.032010322483362e-05,0.5002513826043238,0.00045728174315753847,0
filtrar,15,15,101,4.242402796395822e-05,0.5007549068948163,0.0005053360577257261,0
protagonista,22,13,101,6.729398457292678e-06,0.49974886991461576,0.0005651460990071939,0
edad,21,12,99,1.0187012112606382e-05,0.49974886991461576,0.00046035438464353323,0
suponer,23,14,98,0.00012073116310816729,0.5007549068948163,0.0006161610645158829,0
proporción,16,14,98,3.2665016777427524e-05,0.49233052944087086,0.0008074620589036256,3
pareja,18,12,98,2.687818704521939e-05,0.4621458430097538,3.339732590653539e-05,0
lógico,22,14,98,9.601459848720948e-05,0.5005030181086519,0.0006143221673456294,0
menor,15,14,98,1.6991280101514415e-05,0.5002513826043238,0.0007627948968590536,3
acompañado,17,15,98,5.43059992706429e-05,0.491600790513834,0.0007613885131843413,3
sobrar,22,15,97,0.00019633312719392337,0.5007549068948163,0.0005552545501774181,0
detalle,20,14,96,2.866049694500063e-05,0.5005030181086519,0.000745748426753266,3
combinar,18,12,96,4.878445084585604e-05,0.4908732116428219,0.0008463798595176794,3
mitad,17,14,95,0.0004255222003499339,0.5012594458438288,0.0005447581163256952,0
prueba,19,14,94,0.00015653996095172878,0.49233052944087086,0.0006384563897017318,0
oxidación,16,14,94,3.7212159748360084e-05,0.5005030181086519,0.0007108999827788999,3
vinoteca,16,13,93,4.1604745616651e-05,0.47653256704980845,4.9136377092343996e-05,0
tinaja,16,13,93,1.6466460908097978e-05,0.49111549851924974,0.0006837035206301645,3
regalo,17,17,93,0.00038412719805091996,0.4994979919678715,0.00048309563875740955,0
fragante,19,12,92,8.5226893659662e-06,0.4908732116428219,0.0007707833969955971,3
lejos,22,14,91,4.735709716801142e-05,0.5007549068948163,0.0006196800983631867,0
añadir,21,14,91,0.0003122126280528724,0.4920870425321464,0.0004167595671043526,0
previa,23,13,91,7.083356856483436e-05,0.4920870425321464,0.0006039546115911127,0
compañía,22,12,88,3.0113540256510486e-05,0.5,0.0006115242588069157,0
cuestión,20,14,88,0.0001580736711691374,0.5005030181086519,0.0005160446001806687,0
sacra,15,13,86,4.3153879412030005e-05,0.5002513826043238,0.0005941076878087697,0
agradecer,18,12,85,1.555887648299096e-05,0.4908732116428219,0.0007119398578947734,3
imposible,15,11,84,1.8736019160677668e-05,0.4992473657802308,8.771854981203547e-05,0
llevaba,21,13,84,5.915540088253924e-05,0.5002513826043238,0.0005588279073156208,0
desaparecer,16,13,84,7.672177784509972e-05,0.5002513826043238,0.0006261933181331703,0
vibrante,20,11,83,2.53718248594892e-05,0.4906311637080868,0.0006686206466184934,3
raya,16,11,82,3.506142520255826e-05,0.49974886991461576,0.0004574386948879618,0
cumplir,15,11,82,0.0,0.4906311637080868,0.0006901827730149326,3
moderno,16,13,80,0.00015974460572662554,0.5005030181086519,0.0005403558259278064,0
foto,21,14,80,0.00018453601336140986,0.5005030181086519,0.0004302225708410255,0
época,20,11,78,2.3860729895936102e-05,0.4994979919678715,0.00044004020974631027,0
suavidad,16,12,78,5.411545841915293e-05,0.4908732116428219,0.0006429652545948644,3
adecuado,18,13,78,9.379036507945027e-05,0.49111549851924974,0.000565677773486761,3
agradar,16,12,77,0.00010897810976392653,0.4908732116428219,0.0006178517100944804,3
sulfito,15,11,76,1.2064741158705677e-05,0.49135802469135803,0.0003840791108254148,0
provenir,18,11,76,1.7353024010391912e-05,0.49974886991461576,0.0005381950761869975,0
gozada,24,12,73,0.0001158898301492113,0.4977488744372186,0.0001935370240415969,0
concentrado,15,10,73,7.23828263151238e-06,0.49038935436175457,0.0006636438246436657,3
mallorca,18,9,73,1.0115617376900112e-05,0.4989969909729188,0.0005019183250433906,0
caliza,16,11,73,7.072720438231895e-05,0.4994979919678715,0.0004895916898626565,0
diseño,15,12,73,0.00015614397251857706,0.5,0.0004942826422849461,0
apagado,15,9,72,3.144073563260042e-06,0.49014778325123154,0.0006718632132194349,3
gente,17,11,72,4.307230939582657e-05,0.4908732116428219,0.0005258093654132977,3
indiferente,16,11,71,3.377783774773433e-05,0.49135802469135803,0.000501720147637198,0
razón,21,10,68,1.195329950749579e-05,0.4992473657802308,0.0003372681315502775,0
oferta,31,9,67,0.0020914020584359657,0.49014778325123154,0.00034698614470096586,1
tinta,16,10,67,4.4211853108240186e-05,0.4989969909729188,0.0003228540220564605,0
sorprendido,15,10,66,6.0213092215364225e-05,0.49038935436175457,0.0005925793705832818,3
propiedad,15,10,66,5.549191065859089e-05,0.4992473657802308,0.0005327007578496384,0
cambiado,18,11,65,0.0003200491275747202,0.491600790513834,0.00039785739973361513,0
peculiar,20,9,64,6.385634467419159e-05,0.49625935162094764,0.0005231583258336463,3
libro,19,10,64,3.278225835896223e-05,0.4994979919678715,0.00043373658130155387,0
modo,18,9,63,1.180253846482642e-05,0.4989969909729188,0.0005488159471736768,3
sousón,15,10,63,5.9718970739037364e-05,0.4992473657802308,0.00034909915318955833,0
entorno,18,10,62,5.764726674508205e-05,0.4994979919678715,0.00039960931046750244,0
barcelona,16,9,61,0.0001108392397470636,0.5015120967741935,0.00023639247196031304,0
producir,16,10,61,7.745046347809222e-05,0.49650698602794413,0.0004157999227855126,0
cs,16,7,61,0.0,0.4982473710565849,0.00028394214174083334,0
sierra,15,10,61,1.3808481081204139e-05,0.4992473657802308,0.0004882211258530794,3
velada,19,10,61,0.00015052219670738423,0.4994979919678715,0.0003275866830409672,0
propietario,18,9,60,4.1040692588168396e-05,0.4992473657802308,0.0003182121994462241,0
comentado,21,9,59,1.977170695100097e-05,0.49874686716791977,0.00022848318717107798,0
encontrado,17,10,59,9.846726771190996e-05,0.49111549851924974,0.0003038165066435877,0
apostar,20,8,58,6.779348303786161e-06,0.49601196410767695,0.0005134179969321465,0
sacar,23,7,58,0.0,0.49874686716791977,0.00034345890960094366,0
señor,15,8,57,2.6994010701645302e-05,0.4899064500246184,0.0004486723102953357,0
aguantar,18,8,56,0.0,0.4906311637080868,0.0004222316407714971,0
palacio,15,10,56,0.00027913140875409395,0.4994979919678715,0.00041005061490486956,0
visual,15,9,55,5.825799001343904e-05,0.49014778325123154,0.0004065865087033067,3
feliz,16,10,55,5.203669919046643e-05,0.49675486769845234,0.0003964232528101281,0
importante,19,9,55,0.00012576503909988196,0.4989969909729188,0.0003373465468709805,0
posible,17,10,55,3.986826795945684e-05,0.45831414094887146,4.418131390269024e-05,0
presentación,16,9,54,0.000136040738776318,0.4992473657802308,0.00036618190452057534,0
fundada,15,8,52,1.9526768709475647e-05,0.49874686716791977,0.0003264269234771033,0
juan,21,9,52,0.00013960491216688522,0.4989969909729188,0.00020749277712352936,0
garcía,15,8,51,3.947512484128498e-06,0.49014778325123154,0.00045302139649882066,3
llamado,15,8,50,1.2322938832308368e-05,0.4989969909729188,0.0003492359333763021,0
súper,16,7,50,7.014942190078318e-06,0.4894244958189867,0.00041476877017724103,0
común,20,8,49,3.722517488629611e-05,0.5005030181086519,0.0002834606050045393,0
ayuda,15,7,48,0.0,0.4906311637080868,0.00039739722330997974,3
expresión,15,7,48,0.0,0.4896653543307087,0.0004836159883485081,3
hotel,18,7,47,3.95092050554863e-05,0.4982473710565849,0.00010833180641746643,0
puesto,17,8,47,1.7230151163314047e-05,0.4989969909729188,0.0002567288945331382,0
vinícola,17,7,45,1.345044533126813e-05,0.49675486769845234,0.0003080470457497561,0
indicar,17,7,45,3.848130191590551e-05,0.4982473710565849,0.0003133781717149234,0
tradición,17,6,44,2.2674988642832355e-05,0.497997997997998,0.00026652132261744614,0
información,19,7,44,0.0,0.498496993987976,0.0003356151118866369,0
conseguir,20,7,44,3.4824110906884354e-05,0.49874686716791977,0.0002835943676544113,0
futuro,18,6,44,5.681980475403053e-06,0.49014778325123154,0.00036729312498443126,0
catado,19,7,42,2.6945593156931538e-05,0.4982473710565849,0.00011236362467542584,0
caer,18,6,41,6.212177928694813e-06,0.4982473710565849,0.00029924641759772135,0
alguien,19,6,41,0.0,0.49014778325123154,0.00026318195868246764,0
acostumbrado,16,7,40,0.0001321164422014499,0.49038935436175457,0.0002228211060837966,0
delicia,16,7,39,0.00017143458230891513,0.49038935436175457,0.0001980902357046519,0
alejado,15,7,39,6.498134798894142e-05,0.49675486769845234,0.0002039730729978556,0
maestro,19,7,38,0.00010559090052938904,0.49675486769845234,0.0002617476094233588,0
comentario,20,6,35,1.6549670182684434e-05,0.4894244958189867,0.00023460297696708423,0
ruta,17,4,33,2.3500819140753924e-05,0.4894244958189867,8.630812590397018e-05,0
fundar,15,5,32,3.2183813648196826e-05,0.4975,0.0001531030830622837,0
flojo,19,5,31,0.0,0.48512920526572406,0.00031694953279647655,3
término,15,5,30,0.0,0.4977488744372186,0.00026954808275995957,0
cal,18,5,30,1.9974163310377095e-05,0.5007549068948163,0.00021317961171203319,0
francesc,15,4,29,0.0,0.4975,0.00024579187456271986,0
estridencia,15,5,29,3.867233462952025e-05,0.48894348894348894,0.00024503216589566256,3
contenido,15,5,29,1.94260361862189e-05,0.4977488744372186,0.0001390358848984286,0
acuerdo,18,4,28,4.0443667027289365e-06,0.49725137431284355,0.00012496424245448626,0
ambiente,15,4,26,3.478407358134941e-06,0.49725137431284355,0.0001271971504438801,0
ejemplo,16,3,25,0.0,0.48870333988212183,0.0002485324541714089,0
perdido,15,4,23,2.6524637606583832e-05,0.48894348894348894,0.00014644005874819372,0
alert,20,1,19,0.0,0.3290343915343915,2.6311042740364735e-07,1
plaza,15,1,6,0.0,0.47223540579022305,6.59168141571187e-05,3
